param,loglik,ll_05,ll_95,conf_05,conf_95
lambda_0,14.847083601816069,12.921702505394954,12.924450688833232,0.8349,1.2970999999999995
