param,loglik,ll_05,ll_95,conf_05,conf_95
rho_m,14.847083601816069,12.926573379813606,12.927067527038478,3.5463204185738917,14.117003357403558
