param,loglik,ll_05,ll_95,conf_05,conf_95
sigma,14.847083601816069,12.924852524905493,12.920535956040748,0.14685299829430074,0.22041269341281478
