param,loglik,ll_05,ll_95,conf_05,conf_95
lambda_0,12.829172330052833,10.89284386903865,10.902775300572143,0.8059,1.2811000000000001
