param,loglik,ll_05,ll_95,conf_05,conf_95
rho_m,12.829172330052833,10.908146843886765,10.90917689567216,3.2148885217877186,11.169182988552613
