param,loglik,ll_05,ll_95,conf_05,conf_95
sigma,12.829172330052833,10.888954692700858,10.90120128257458,0.15574050812626444,0.23084940566233528
