param,loglik,ll_05,ll_95,conf_05,conf_95
lambda_0,7.391203667217935,5.460234470612404,5.4690799269573604,0.6890002494148234,1.1844631192245192
