param,loglik,ll_05,ll_95,conf_05,conf_95
rho_m,7.391203667217935,5.471178128738488,5.471245352478233,2.8277058779715865,12.244103251578807
