param,loglik,ll_05,ll_95,conf_05,conf_95
sigma,7.391203667217935,5.4585987090159,5.470839231904533,0.1711764097602444,0.25660954481632975
