param,loglik,ll_05,ll_95,conf_05,conf_95
lambda_0,1.783469519743795,-0.14724340366594801,-0.1413186178306406,0.5942346266965797,1.0638372536191854
