param,loglik,ll_05,ll_95,conf_05,conf_95
rho_m,1.783469519743795,-0.1365904714504863,-0.13655025543149057,2.6999047709196566,10.31758556245121
