param,loglik,ll_05,ll_95,conf_05,conf_95
sigma,1.783469519743795,-0.13707902935441596,-0.13710879420122668,0.19348726111219458,0.28865716108327305
