param,loglik,ll_05,ll_95,conf_05,conf_95
b0,128.13376357404098,-1000,126.18613613706265,1,1.0430999999999997
