param,loglik,ll_05,ll_95,conf_05,conf_95
b1,128.13376357404098,-1000,126.19403906369567,1,1.0501
