param,loglik,ll_05,ll_95,conf_05,conf_95
b2,128.13376357404098,-1000,126.19614407144556,1,1.0801
