param,loglik,ll_05,ll_95,conf_05,conf_95
b3,128.13376357404098,-1000,126.21260151846435,1,3.7540999999999993
