param,loglik,ll_05,ll_95,conf_05,conf_95
l10,128.13376357404098,-1000,126.20770598690717,0.0125,0.038387500000000005
