param,loglik,ll_05,ll_95,conf_05,conf_95
l21,128.13376357404098,-1000,126.20863772989748,0.0125,0.029637500000000008
