param,loglik,ll_05,ll_95,conf_05,conf_95
l32,128.13376357404098,-1000,126.19830840973124,0.0125,0.023762500000000006
