param,loglik,ll_05,ll_95,conf_05,conf_95
l43,128.13376357404098,-116.06964213209254,126.21023502120786,0.2724018672724134,0.312775861401598
