param,loglik,ll_05,ll_95,conf_05,conf_95
l54,128.13376357404098,-1000,126.21114951698037,0.0125,0.030762500000000005
