param,loglik,ll_05,ll_95,conf_05,conf_95
rho_m,128.13376357404098,-115.99509664725073,126.21360950611674,5.285155259371304,8.061052263668342
