param,loglik,ll_05,ll_95,conf_05,conf_95
sigma,128.13376357404098,125.88720864121723,126.14794600264824,0.07780589617476943,0.09898590390738385
