param,loglik,ll_05,ll_95,conf_05,conf_95
b0,163.5122393486941,-1000,161.5850871338054,1,1.1350999999999996
