param,loglik,ll_05,ll_95,conf_05,conf_95
b2,163.5122393486941,-1000,161.59171151883424,1,2.396099999999998
