param,loglik,ll_05,ll_95,conf_05,conf_95
l10,163.5122393486941,-1000,161.58981953736196,0.0125,0.053387500000000004
