param,loglik,ll_05,ll_95,conf_05,conf_95
l21,163.5122393486941,-105.86483443232757,161.56724526846676,0.03300368472186666,0.08064263704311964
