param,loglik,ll_05,ll_95,conf_05,conf_95
l32,163.5122393486941,-105.86219486930398,161.58261400148743,0.15391382099273992,0.19227298110014143
