param,loglik,ll_05,ll_95,conf_05,conf_95
l43,163.5122393486941,-105.86181065585224,161.5680618015387,0.14511530486913118,0.1647368562425751
