param,loglik,ll_05,ll_95,conf_05,conf_95
rho_m,163.5122393486941,-105.8614535698622,161.59222757305946,6.524001486657437,8.614377706759544
