param,loglik,ll_05,ll_95,conf_05,conf_95
sigma,163.5122393486941,161.46202671793932,161.46136786082883,0.05189968198180145,0.06661140285853258
