param,loglik,ll_05,ll_95,conf_05,conf_95
b0,122.4431061677434,-1000,120.49690816619787,1,1.0660999999999994
