param,loglik,ll_05,ll_95,conf_05,conf_95
b1,122.4431061677434,-1000,120.5225797346595,1,1.1211
