param,loglik,ll_05,ll_95,conf_05,conf_95
b2,122.4431061677434,-1000,120.52258795501291,1,1.7190999999999996
