param,loglik,ll_05,ll_95,conf_05,conf_95
l10,122.4431061677434,-1000,120.51536714280947,0.0125,0.032262500000000006
