param,loglik,ll_05,ll_95,conf_05,conf_95
l21,122.4431061677434,-1000,120.51345896116815,0.0125,0.029762500000000008
