param,loglik,ll_05,ll_95,conf_05,conf_95
l32,122.4431061677434,-104.04182269184363,120.52192619782733,0.04826667620725099,0.08749844906039192
