param,loglik,ll_05,ll_95,conf_05,conf_95
l43,122.4431061677434,-104.03312889076868,120.51199192837858,0.17266756958186294,0.20274926837290266
