param,loglik,ll_05,ll_95,conf_05,conf_95
rho_m,122.4431061677434,-104.03111969435611,120.52257962956232,5.129726288988169,7.021690858538481
