param,loglik,ll_05,ll_95,conf_05,conf_95
sigma,122.4431061677434,120.42873297696002,120.42774643969663,0.07279130622414948,0.09342506231918396
