param,loglik,ll_05,ll_95,conf_05,conf_95
b0,123.96682864400756,-1000,122.02626656033097,1,1.0580999999999992
