param,loglik,ll_05,ll_95,conf_05,conf_95
b1,123.96682864400756,-1000,122.0414760580231,1,1.089099999999999
