param,loglik,ll_05,ll_95,conf_05,conf_95
b2,123.96682864400756,-105.13819623480609,122.04638788605266,9.999481714939195,13.30454346197837
