param,loglik,ll_05,ll_95,conf_05,conf_95
l10,123.96682864400756,-1000,122.0443720144861,0.0125,0.054762500000000006
