param,loglik,ll_05,ll_95,conf_05,conf_95
l21,123.96682864400756,-1000,122.03884253493113,0.0125,0.04526250000000001
