param,loglik,ll_05,ll_95,conf_05,conf_95
l32,123.96682864400756,-105.03497083459315,122.03998761519014,0.27953958218851865,0.3321541930174806
