param,loglik,ll_05,ll_95,conf_05,conf_95
l43,123.96682864400756,-1000,122.04584997067084,0.0125,0.052887500000000004
