param,loglik,ll_05,ll_95,conf_05,conf_95
rho_m,123.96682864400756,-105.0026795263782,122.04641880746986,7.645825447402035,12.206758852620354
