param,loglik,ll_05,ll_95,conf_05,conf_95
sigma,123.96682864400756,121.93456837369777,121.93368551391205,0.07251066624965977,0.09306487085586251
